Workbook

Sheet Nutzwertanalyse
B2: Nutzwertanalyse
B4: MeetPoint
B5: Auswahl der geeignetsten Entwicklungsumgebung und der passenden Tools für die Umsetzung der Webapplikation MeetPoint.
B6: Kriterium | C6: Gewichtung | D6: WebStorm + Dbeaver | F6: VS Code + pgAdmin | H6: IntelliJ IDEA + Dbeaver
D7: Punkte | E7: Nutzwert | F7: Punkte | G7: Nutzwert | H7: Punkte | I7: Nutzwert
B8: Benutzerfreundlichkeit | C8: 0.25 | D8: 9 | E8: =C8*D8 -> 2.25 | F8: 8 | G8: =C8*F8 -> 2 | H8: 7 | I8: =C8*H8 -> 1.75
B9: Einarbeitungsaufwand | C9: 0.15 | D9: 8 | E9: =C9*D9 -> 1.2 | F9: 9 | G9: =C9*F9 -> 1.35 | H9: 6 | I9: =C9*H9 -> 0.9
B10: Datenbankunterstützung | C10: 0.2 | D10: 9 | E10: =C10*D10 -> 1.8 | F10: 7 | G10: =C10*F10 -> 1.4 | H10: 8 | I10: =C10*H10 -> 1.6
B11: Zusammenarbeit im Team | C11: 0.2 | D11: 8 | E11: =C11*D11 -> 1.6 | F11: 7 | G11: =C11*F11 -> 1.4 | H11: 7 | I11: =C11*H11 -> 1.4
B12: Performance / Schnelligkeit | C12: 0.1 | D12: 8 | E12: =C12*D12 -> 0.8 | F12: 9 | G12: =C12*F12 -> 0.9 | H12: 7 | I12: =C12*H12 -> 0.7
B13: Lizenz / Kosten | C13: 0.05 | D13: 10 | E13: =C13*D13 -> 0.5 | F13: 10 | G13: =C13*F13 -> 0.5 | H13: 10 | I13: =C13*H13 -> 0.5
B14: Installationsaufwand | C14: 0.05 | D14: 8 | E14: =C14*D14 -> 0.4 | F14: 9 | G14: =C14*F14 -> 0.45 | H14: 7 | I14: =C14*H14 -> 0.35
B15: Summe | C15: =SUM(C8:C14) -> 1 | E15: =SUM(E8:E14) -> 8.55 | G15: =SUM(G8:G14) -> 8 | I15: =SUM(I8:I14) -> 7.2
B17: Wir nehmen als finale Lösung WebStorm + DBeaver. Begründung: Diese Kombination passt am besten zu unserem Projekt MeetPoint, weil WebStorm sehr gut für die Entwicklung von Webapplikationen geeignet ist und eine übersichtliche Arbeitsumgebung bietet. DBeaver unterstützt uns zusätzlich bei der Arbeit mit der Datenbank und macht die Verwaltung von PostgreSQL einfacher und klarer. Insgesamt ist diese Lösung für unser Projekt passend, weil sie benutzerfreundlich ist, die Entwicklung erleichtert und gut zu den Anforderungen unseres Projektauftrags passt.

Sheet Bewertungsschema
B2: Bewertungsschema
B4: =Nutzwertanalyse!B4 -> MeetPoint
B5: =Nutzwertanalyse!B5 -> Auswahl der geeignetsten Entwicklungsumgebung und der passenden Tools für die Umsetzung der Webapplikation MeetPoint.
B6: Kriterium | C6: Schlecht ( 0 ) | D6: Ungenügend ( 1 bis 2 ) | E6: Genügend ( 3 bis 5 ) | F6: Gut ( 6 bis 8 ) | G6: Sehr gut ( 9 bis 10 )
B7: =Nutzwertanalyse!B8 -> Benutzerfreundlichkeit
B8: =Nutzwertanalyse!B9 -> Einarbeitungsaufwand
B9: =Nutzwertanalyse!B10 -> Datenbankunterstützung
B10: =Nutzwertanalyse!B11 -> Zusammenarbeit im Team
B11: =Nutzwertanalyse!B12 -> Performance / Schnelligkeit
B12: =Nutzwertanalyse!B13 -> Lizenz / Kosten
B13: =Nutzwertanalyse!B14 -> Installationsaufwand | C13: > CHF 20'000.- | D13: CHF 20'000 bis 15'001.- | E13: CHF 15'000 bis 12'001.- | F13: CHF 12'000 bis 10'000.- | G13: < CHF 10'000.-
B14: =Nutzwertanalyse!#REF! -> #REF!
B15: =Nutzwertanalyse!#REF! -> #REF!
B16: =Nutzwertanalyse!#REF! -> #REF!
